Title2,Company,Salary,Direction,Location,URL,Post days
Senior Data Ops Engineer,Revelator,     $70k - $100k,['Developer'],Europe,https://remoteok.com/remote-jobs/remote-senior-data-ops-engineer-revelator-469926,1d
Staff Software Engineer,Missive,     $120k - $160k,['Developer'],Worldwide,https://remoteok.com/remote-jobs/remote-staff-software-engineer-missive-463214,6d
Lead Data Scientist Operations,Monzo,     $40k - $75k*,"['Design', 'Training', 'Support', 'Growth', 'Banking', 'Bank', 'Cloud', 'Strategy', 'Lead', 'Operations', 'Operational', 'Analytics', 'Recruitment']",London  England  United Kingdom,https://remoteok.com/remote-jobs/remote-lead-data-scientist-operations-monzo-471432,6m
Senior Backend Engineer,Netlify,     $55k - $103k*,"['GraphQL', 'System', 'Consult', 'Technical', 'Support', 'Testing', 'Code', 'Web', 'Node JS', 'Typescript', 'Senior', 'Engineer', 'Engineering', 'Backend']",United States,https://remoteok.com/remote-jobs/remote-senior-backend-engineer-netlify-471367,1h
Content Marketing Specialist,Pachama,     $45k - $75k*,"['Technical', 'Writer', 'Testing', 'Growth', 'Web', 'Edu', 'Strategy', 'Content', 'Marketer', 'Marketing', 'Sales']",,https://remoteok.com/remote-jobs/remote-content-marketing-specialist-pachama-471366,1h
Cloud Infrastructure Engineer,PayPay,     $50k - $85k*,"['Design', 'System', 'Security', 'Technical', 'DevOps', 'Fintech', 'Cloud', 'Management', 'Engineer', 'Linux']",Japan,https://remoteok.com/remote-jobs/remote-cloud-infrastructure-engineer-paypay-471365,1h
Organized Play Trust and Safety Program Manager,The PokĂ©mon Company International,     $60k - $100k,"['Manager', 'Technical', 'Support', 'Growth', 'Healthcare']",Probably worldwide,https://remoteok.com/remote-jobs/remote-organized-play-trust-and-safety-program-manager-the-pokemon-company-international-471364,1h
Marketing Communications Manager,Blinkist,     $55k - $100k*,"['Manager', 'Design', 'Support', 'Test', 'Growth', 'Content', 'Marketing', 'Health']",Germany,https://remoteok.com/remote-jobs/remote-marketing-communications-manager-blinkist-471363,1h
Engineering Manager for Mobile,PayPay,     $50k - $110k*,"['Manager', 'Security', 'Technical', 'Growth', 'Fintech', 'Mobile', 'Management', 'Lead', 'Operations', 'Engineering']",Japan,https://remoteok.com/remote-jobs/remote-engineering-manager-for-mobile-paypay-471362,1h
Product Manager,PayPay,     $50k - $70k*,"['Manager', 'Design', 'Technical', 'Testing', 'Financial', 'Fintech', 'Management', 'Senior', 'Engineering']",Japan,https://remoteok.com/remote-jobs/remote-product-manager-paypay-471361,1h
Senior Technical Program Manager,PayPay,     $60k - $100k*,"['Manager', 'System', 'Technical', 'Support', 'Software', 'Growth', 'Fintech', 'Management', 'Senior', 'Engineering']",Japan,https://remoteok.com/remote-jobs/remote-senior-technical-program-manager-paypay-471360,1h
Senior Business Development Manager,HoYoverse,     $60k - $100k*,"['Manager', 'Game', 'Support', 'Travel', 'Senior', 'Healthcare']",Probably worldwide,https://remoteok.com/remote-jobs/remote-senior-business-development-manager-hoyoverse-471359,1h
Design Operations Manager,Grammarly,     $30k - $70k*,"['Design', 'Manager', 'Support', 'Growth', 'Operations', 'Health']",Probably worldwide,https://remoteok.com/remote-jobs/remote-design-operations-manager-grammarly-471357,1h
Platform Consultant,Yext,     $35k - $65k*,"['Consultant', 'Gaming', 'Software', 'Edu', 'Management', 'Content', 'Excel', 'Go']",India,https://remoteok.com/remote-jobs/remote-platform-consultant-yext-471356,1h
Director Product Design,Grammarly,     $30k - $70k*,"['Design', 'Director', 'Support', 'Growth', 'Strategy', 'Health', 'Engineering']",Probably worldwide,https://remoteok.com/remote-jobs/remote-director-product-design-grammarly-471355,1h
Software Engineer Intern Timeline,Smartsheet,     $60k - $105k*,"['Software', 'Developer', 'Code', 'Manager', 'Cloud', 'Typescript', 'Legal', 'Engineer', 'Internship']",Probably worldwide,https://remoteok.com/remote-jobs/remote-software-engineer-intern-timeline-smartsheet-471038,6h
Senior Scientist Preclinical Development,Gordian Biotechnology,     $50k - $70k*,"['Design', 'Architect', 'Support', 'Testing', 'Test', 'Leader', 'Management', 'Lead', 'Senior', 'Operations', 'Biology', 'Biotech', 'Executive']",San Francisco,https://remoteok.com/remote-jobs/remote-senior-scientist-preclinical-development-gordian-biotechnology-471023,7h
Software Engineer Summer Intern 2024,Arsenal Biosciences,     $50k - $115k*,"['Software', 'Front-End', 'Support', 'Engineer', 'Engineering', 'Recruitment', 'Backend']",South San Francisco,https://remoteok.com/remote-jobs/remote-software-engineer-summer-intern-2024-arsenal-biosciences-471022,7h
Software Engineer Software Platform and Architecture,Outrider,     $50k - $85k*,"['Software', 'Design', 'System', 'Python', 'Support', 'Growth', 'Web', 'Financial', 'C++', 'Cloud', 'Robotics', 'Recruiting', 'Engineer', 'Engineering', 'Linux']",,https://remoteok.com/remote-jobs/remote-software-engineer-software-platform-and-architecture-outrider-470951,8h
Interaction Platform Staff Software Engineer Mobile,Stone - LinkedIn,     $50k - $110k*,"['Software', 'Design', 'Mobile', 'Engineer']",Brazil,https://remoteok.com/remote-jobs/remote-interaction-platform-staff-software-engineer-mobile-stone-linkedin-470750,11h
Technical Account Manager,BigID,     $50k - $80k*,"['Manager', 'Technical', 'Cloud', 'Management', 'Lead', 'Senior', 'Sales']",Australia,https://remoteok.com/remote-jobs/remote-technical-account-manager-bigid-470724,11h
Principal Product Manager,Lightship,     $50k - $100k*,"['Manager', 'Design', 'SaaS', 'Support', 'Scrum', 'Mobile', 'Operational', 'Health', 'Healthcare']",United States,https://remoteok.com/remote-jobs/remote-principal-product-manager-lightship-470723,11h
Territory Sales Executive LA,Tempus,     $40k - $80k*,"['Technical', 'Growth', 'Travel', 'Edu', 'Microsoft', 'Management', 'Marketing', 'Excel', 'Sales', 'Health', 'Healthcare', 'Executive']",United States,https://remoteok.com/remote-jobs/remote-territory-sales-executive-la-tempus-470677,12h
Account Executive SMB Atlanta GA,Restaurant365,     $50k - $80k*,"['SaaS', 'Salesforce', 'Manager', 'Accounting', 'Investment', 'Management', 'Operations', 'Sales', 'Executive']",Atlanta  GA,https://remoteok.com/remote-jobs/remote-account-executive-smb-atlanta-ga-restaurant365-470662,12h
Full Stack Software Engineer,. pyr.sh,     $65k - $115k*,"['Golang', 'Software', 'Full-Stack', 'Engineer']",Probably worldwide,https://remoteok.com/remote-jobs/remote-full-stack-software-engineer-pyr-sh-470573,15h
Senior Account Executive Kentucky,BillionToOne,     $50k - $88k*,"['Test', 'Management', 'Senior', 'Sales', 'Health', 'Healthcare', 'Executive']",United States,https://remoteok.com/remote-jobs/remote-senior-account-executive-kentucky-billiontoone-470547,15h
Software Engineer Blockchain Team,SFOX,     $60k - $110k*,"['Software', 'Web3', 'Defi', 'Ethereum', 'Security', 'Cto', 'Developer', 'Financial', 'Investor', 'Cloud', 'Mobile', 'Management', 'Engineer', 'Engineering']",Remote   LATAM,https://remoteok.com/remote-jobs/remote-software-engineer-blockchain-team-sfox-471179,16h
Sales Associate,Coinlist,     $40k - $80k*,"['Crypto', 'Cryptocurrency', 'Support', 'Financial', 'Finance', 'Bank', 'Mobile', 'Leader', 'Lead', 'Sales', 'Non Tech']",Worldwide,https://remoteok.com/remote-jobs/remote-sales-associate-coinlist-471182,16h
Backend Engineer Elixir,Remote,     $60k - $110k*,"['React', 'Support', 'Software', 'Code', 'Fintech', 'Engineer', 'Engineering', 'Backend']",Philippines,https://remoteok.com/remote-jobs/remote-backend-engineer-elixir-remote-470496,16h
Senior Sales Systems Manager,Remote,     $55k - $98k*,"['Manager', 'SaaS', 'Support', 'Admin', 'Strategy', 'Management', 'Lead', 'Senior', 'Operations', 'Marketing', 'Sales']",Philippines,https://remoteok.com/remote-jobs/remote-senior-sales-systems-manager-remote-470490,16h
Primary Graphic Designer,BNB Chain Labs,     $40k - $80k*,"['Design', 'Web3', 'Designer', 'Support', 'Software', 'Growth', 'Video', 'Fintech', 'Animation', 'Strategy', 'Marketing', 'Sales', 'Branding']",Worldwide,https://remoteok.com/remote-jobs/remote-primary-graphic-designer-bnb-chain-labs-471184,16h
Texter Schreiber Redakteur zu sofort,Cryptoticker,     $40k - $80k*,"['Web3', 'Crypto', 'Bitcoin', 'Content', 'Sales', 'Non Tech']",Worldwide,https://remoteok.com/remote-jobs/remote-texter-schreiber-redakteur-zu-sofort-cryptoticker-471187,16h
Business Development Associate,BNB Chain Labs,     $50k - $90k*,"['Web3', 'Software', 'Growth', 'Management', 'Sales']",Worldwide,https://remoteok.com/remote-jobs/remote-business-development-associate-bnb-chain-labs-471183,16h
Senior Product Designer from Europe,Gnosis,     $60k - $100k*,"['Design', 'Web3', 'Crypto', 'Front-End', '3d', 'Designer', 'Support', 'Software', 'Test', 'Growth', 'JavaScript', 'Financial', 'Edu', 'Mobile', 'Senior', 'Branding']",Worldwide,https://remoteok.com/remote-jobs/remote-senior-product-designer-from-europe-gnosis-471188,16h
Senior Compiler Engineer,Fuel Labs,     $60k - $110k*,"['Design', 'Ethereum', 'System', 'Full-Stack', 'Software', 'Senior', 'Engineer', 'Engineering', 'Backend', 'Full-Time']",Remote   Web,https://remoteok.com/remote-jobs/remote-senior-compiler-engineer-fuel-labs-471180,16h
Senior Unity Developer Backend,Illuvium,     $45k - $105k*,"['Unity', 'Developer', 'Design', 'C#', 'Game', 'Gaming', 'Technical', 'Code', 'Serverless', 'Mobile', 'Management', 'Lead', 'Senior', 'Junior', 'Backend']",Worldwide,https://remoteok.com/remote-jobs/remote-senior-unity-developer-backend-illuvium-471249,16h
Product Manager,SamCart,  $50k - $95k*,"['Manager', 'Design', 'SaaS', 'Support', 'Testing', 'Growth', 'Strategy', 'Management', 'Content', 'Senior', 'Marketing', 'Analytics', 'Engineering']",United States,https://remoteok.com/remote-jobs/remote-product-manager-samcart-470479,16h
Senior Pipeline Technical Animator,2K,  $60k - $103k*,"['Python', 'Game', 'Technical', 'Software', 'Happiness', 'Code', 'Animator', 'Animation', 'C++', 'Cloud', 'API', 'Management', 'Content', 'Senior']",Probably worldwide,https://remoteok.com/remote-jobs/remote-senior-pipeline-technical-animator-2k-470463,17h
Senior Pipeline Technical Animator,2K,  $60k - $103k*,"['Python', 'Game', 'Technical', 'Software', 'Happiness', 'Code', 'Animator', 'Animation', 'C++', 'Cloud', 'API', 'Management', 'Content', 'Senior', 'Engineering']",Probably worldwide,https://remoteok.com/remote-jobs/remote-senior-pipeline-technical-animator-2k-470462,17h
Partner Success Operations Specialist Dropship,Farfetch,  $40k - $80k*,"['Training', 'Technical', 'Support', 'Growth', 'Manager', 'Leader', 'Management', 'Lead', 'Operations', 'Operational', 'Sales']",United States,https://remoteok.com/remote-jobs/remote-partner-success-operations-specialist-dropship-farfetch-470406,18h
IT Service Engineer,Celonis,  $55k - $110k*,"['Technical', 'Support', 'Software', 'Mobile', 'Management', 'Engineer']",Spain,https://remoteok.com/remote-jobs/remote-it-service-engineer-celonis-470385,18h
Front End Engineer,Daniel J Edelman Holdings,  $58k - $110k*,"['Design', 'React', 'Front-End', 'Back-End', 'Consultancy', 'Docker', 'Software', 'UI', 'Code', 'Web', 'PostgreSQL', 'Strategy', 'Management', 'Analytics', 'Engineer', 'Engineering']",Madrid,https://remoteok.com/remote-jobs/remote-front-end-engineer-daniel-j-edelman-holdings-470374,18h
Expert Partner Program Manager,Vonage,  $55k - $103k*,"['Manager', 'Security', 'Software', 'Mobile', 'Management', 'Lead', 'Senior', 'Operations', 'Executive']",United Kingdom,https://remoteok.com/remote-jobs/remote-expert-partner-program-manager-vonage-470373,18h
Scrum Master,SVT Robotics,  $60k - $100k,"['Scrum', 'Support', 'Software', 'Robotics', 'Engineering']",United States,https://remoteok.com/remote-jobs/remote-scrum-master-svt-robotics-470367,18h
Build Engineer Canada,Transfr,  $60k - $110k*,"['Teach', 'Training', 'Technical', 'Support', 'Software', 'Code', 'Scrum', 'DevOps', 'Cloud', 'NoSQL', 'Git', 'Mongo', 'Leader', 'Lead', 'Engineer', 'Educational', 'Full-Time']",,https://remoteok.com/remote-jobs/remote-build-engineer-canada-transfr-470366,18h
Bilingual Lead Care Manager,Pair Team,  $50k - $90k*,"['Manager', 'System', 'Consulting', 'Technical', 'Support', 'Travel', 'Video', 'Mobile', 'Management', 'Lead', 'Operations', 'Health', 'Full-Time']",United States,https://remoteok.com/remote-jobs/remote-bilingual-lead-care-manager-pair-team-470320,19h
Bilingual RN Care Manager,Pair Team,  $40k - $70k*,"['Manager', 'System', 'Training', 'Technical', 'Support', 'Video', 'Edu', 'Mobile', 'Management', 'Lead', 'Operations', 'Health', 'Healthcare', 'Educational', 'Full-Time']",United States,https://remoteok.com/remote-jobs/remote-bilingual-rn-care-manager-pair-team-470312,19h
Bilingual Lead Care Manager,Pair Team,  $50k - $90k*,"['Manager', 'System', 'Consulting', 'Technical', 'Support', 'Travel', 'Video', 'Mobile', 'Management', 'Lead', 'Operations', 'Health', 'Full-Time']",United States,https://remoteok.com/remote-jobs/remote-bilingual-lead-care-manager-pair-team-470311,19h
KYC Manager,Careers at Tide,  $30k - $60k*,"['Manager', 'Design', 'System', 'Training', 'Support', 'Voice', 'Financial', 'Video', 'Fintech', 'Banking', 'Admin', 'Leader', 'Operations', 'Excel', 'Health', 'Engineering']",India,https://remoteok.com/remote-jobs/remote-kyc-manager-careers-at-tide-470285,19h
Ongoing Monitoring Analyst,Careers at Tide,  $35k - $75k*,"['Analyst', 'Design', 'Support', 'Voice', 'Financial', 'Fintech', 'Banking', 'Admin', 'Operations', 'Operational', 'Health']",India,https://remoteok.com/remote-jobs/remote-ongoing-monitoring-analyst-careers-at-tide-470284,19h
Senior Analyst Reconciliation,Zepz,  $35k - $70k*,"['Analyst', 'System', 'Manager', 'Assistant', 'Financial', 'Finance', 'Senior', 'Operations', 'Excel', 'Sales']",Philippines,https://remoteok.com/remote-jobs/remote-senior-analyst-reconciliation-zepz-470283,19h
Product Manager Lensa Video,Palta,  $50k - $70k*,"['Manager', 'Software', 'Testing', 'Test', 'Video', 'Mobile', 'Lead', 'Analytics', 'Go']",Cyprus,https://remoteok.com/remote-jobs/remote-product-manager-lensa-video-palta-470282,19h
Director of Product,Esper,  $60k - $95k*,"['Director', 'System', 'Cto', 'Ceo', 'Technical', 'Software', 'Growth', 'Strategy', 'Management', 'Lead', 'Senior', 'Operational', 'Engineering', 'Executive']",,https://remoteok.com/remote-jobs/remote-director-of-product-esper-470271,20h
Mid Software Engineer,Hexagon US Federal,  $60k - $95k*,"['Software', 'Design', 'System', 'Security', 'Technical', 'Developer', 'Web', 'Cloud', 'Mobile', 'Management', 'Operational', 'Sales', 'Health', 'Engineer', 'Engineering', 'Educational']",,https://remoteok.com/remote-jobs/remote-mid-software-engineer-hexagon-us-federal-470235,20h
Enterprise Marketing Manager,HyperionDev,  $60k - $95k*,"['Manager', 'Students', 'Technical', 'Support', 'Developer', 'Growth', 'Code', 'Travel', 'Financial', 'Edu', 'Ads', 'Strategy', 'Management', 'Lead', 'Content', 'Marketing', 'Analytics', 'Sales', 'Health']",South Africa,https://remoteok.com/remote-jobs/remote-enterprise-marketing-manager-hyperiondev-470224,20h
Senior Clinical Scientist,Synchron,  $60k - $95k*,"['Edu', 'Management', 'Senior', 'Operational', 'Non Tech']",United States,https://remoteok.com/remote-jobs/remote-senior-clinical-scientist-synchron-470172,21h
SDET,Vonage,  $60k - $95k*,"['Python', 'Training', 'Technical', 'Software', 'Testing', 'Test', 'Growth', 'Code', 'Edu', 'Cloud', 'API', 'Leader', 'Health', 'Healthcare', 'Engineering']",Spain,https://remoteok.com/remote-jobs/remote-sdet-vonage-470136,22h
SDET,Vonage,  $60k - $95k*,"['Python', 'Training', 'Technical', 'Software', 'Testing', 'Test', 'Growth', 'Code', 'Edu', 'Cloud', 'API', 'Leader', 'Health', 'Healthcare', 'Engineering']",Poland,https://remoteok.com/remote-jobs/remote-sdet-vonage-470120,22h
Senior Software Engineer Integrations,Demandbase,  $60k - $95k*,"['Software', 'Design', 'Technical', 'Testing', 'Test', 'Code', 'Web', 'Java', 'Cloud', 'NoSQL', 'Management', 'Senior', 'Junior', 'Marketing', 'Sales', 'Engineer', 'Engineering']",Probably worldwide,https://remoteok.com/remote-jobs/remote-senior-software-engineer-integrations-demandbase-470090,23h
Business Development Manager EMEA,dLocal,  $60k - $95k*,"['Manager', 'Financial', 'Lead', 'Operational', 'Sales', 'E-Commerce']",Lagos  Remote,https://remoteok.com/remote-jobs/remote-business-development-manager-emea-dlocal-469807,1d
Data Analyst,Veeva Systems,  $60k - $95k*,"['Analyst', 'SaaS', 'Support', 'Software', 'Growth', 'Microsoft', 'Leader', 'Operational']",United Kingdom,https://remoteok.com/remote-jobs/remote-data-analyst-veeva-systems-469806,1d
Director of Software Engineering,Homebase,  $60k - $95k*,"['Software', 'Director', 'Cto', 'Technical', 'Support', 'Transcription', 'Growth', 'Quality Assurance', 'Ruby', 'Rails', 'Leader', 'Management', 'Lead', 'Recruiting', 'Engineering', 'Recruitment']",Mexico,https://remoteok.com/remote-jobs/remote-director-of-software-engineering-homebase-469638,1d
Implementation Manager,UpKeep,  $60k - $95k*,"['Manager', 'SaaS', 'System', 'Training', 'Technical', 'Support', 'Software', 'Web', 'Cloud', 'Leader', 'Management', 'Operations', 'Operational', 'Analytics', 'Health', 'Engineer', 'Executive']",,https://remoteok.com/remote-jobs/remote-implementation-manager-upkeep-469633,1d
FinCrime Escalations Team Lead,Careers at Tide,  $60k - $95k*,"['Design', 'Support', 'Voice', 'Financial', 'Fintech', 'Banking', 'Admin', 'Leader', 'Lead', 'Health', 'Recruitment']",India,https://remoteok.com/remote-jobs/remote-fincrime-escalations-team-lead-careers-at-tide-469547,1d
Data Entry Assistant,Schumack Engineered Construction,  $60k - $95k*,"['Assistant', 'System', 'Bookkeeping', 'Microsoft', 'Full-Time']",United States,https://remoteok.com/remote-jobs/remote-data-entry-assistant-schumack-engineered-construction-469530,1d
Business Development Manager Fluence Digital,Fluence,  $60k - $95k*,"['Manager', 'SaaS', 'Technical', 'Support', 'Software', 'Growth', 'Director', 'Leader', 'Strategy', 'Management', 'Sales']",Japan,https://remoteok.com/remote-jobs/remote-business-development-manager-fluence-digital-fluence-469470,1d
SaaS Engineering Manager,Homebase,  $60k - $95k*,"['SaaS', 'Manager', 'Cto', 'Technical', 'Support', 'Transcription', 'Growth', 'Quality Assurance', 'Ruby', 'Rails', 'Management', 'Lead', 'Recruiting', 'Engineering', 'Recruitment']",Mexico,https://remoteok.com/remote-jobs/remote-saas-engineering-manager-homebase-469463,1d
Talent Sourcer,Pelago,  $60k - $95k*,"['Sourcer', 'Support', 'Health', 'Recruiting', 'Non Tech']",United States,https://remoteok.com/remote-jobs/remote-talent-sourcer-pelago-469457,1d
Customer Experience Specialist,Flock Safety,  $60k - $95k*,"['Salesforce', 'System', 'Technical', 'Software', 'Management', 'Health']",United States,https://remoteok.com/remote-jobs/remote-customer-experience-specialist-flock-safety-469421,1d
Senior Mobile Developer Latin America,FullStack Labs,  $60k - $95k*,"['Developer', 'iOS', 'Swift', 'Consultancy', 'Software', 'Scrum', 'Edu', 'Java', 'Flutter', 'Mobile', 'Senior', 'Android', 'Objective-C', 'Full Stack', 'Fullstack']",Brazil,https://remoteok.com/remote-jobs/remote-senior-mobile-developer-latin-america-fullstack-labs-469370,1d
Regional Vice President Sales,Kumo,  $60k - $95k*,"['Manager', 'Lead', 'Marketing', 'Analytics', 'Sales', 'Non Tech']",United States,https://remoteok.com/remote-jobs/remote-regional-vice-president-sales-kumo-469334,1d
Territory Manager Southern Ontario,"Farmer's Business Network, Inc.",  $60k - $95k*,"['Manager', 'Salesforce', 'Security', 'Training', 'UI', 'Fintech', 'Management', 'Legal', 'Sales', 'Recruiting', 'Non Tech']",Canada,https://remoteok.com/remote-jobs/remote-territory-manager-southern-ontario-farmers-business-network-inc-469279,1d
Sales Operations Associate,HopSkipDrive,  $60k - $95k*,"['Salesforce', 'Training', 'Support', 'Admin', 'Strategy', 'Management', 'Lead', 'Operations', 'Operational', 'Sales', 'Go', 'Full-Time', 'Non Tech']",United States,https://remoteok.com/remote-jobs/remote-sales-operations-associate-hopskipdrive-469252,2d
Manager of Technical Enablement,Vectra,  $60k - $95k*,"['Manager', 'Design', 'Training', 'Architect', 'Technical', 'Code', 'Travel', 'Edu', 'Investment', 'Cloud', 'Management', 'Sales', 'Engineering', 'Executive']",United States,https://remoteok.com/remote-jobs/remote-manager-of-technical-enablement-vectra-469216,2d
Full Stack Engineer,Homebase,  $60k - $95k*,"['Design', 'React. JS', 'Technical', 'Software', 'Transcription', 'Web', 'Manager', 'Ruby', 'Rails', 'Strategy', 'Junior', 'Engineer', 'Engineering', 'Recruitment']",Mexico,https://remoteok.com/remote-jobs/remote-full-stack-engineer-homebase-469163,2d
Technical Support Engineer,Vonage,  $60k - $95k*,"['SaaS', 'System', 'Technical', 'Support', 'Reliability', 'Engineer']",Poland,https://remoteok.com/remote-jobs/remote-technical-support-engineer-vonage-469150,2d
Software Development Engineer II,Standvast Fulfillment,  $60k - $95k*,"['Software', 'Design', 'React', 'Python', 'Technical', 'Support', 'Code', 'DevOps', 'Cloud', 'Senior', 'Engineer', 'Engineering', 'Shopify']",United States,https://remoteok.com/remote-jobs/remote-software-development-engineer-ii-standvast-fulfillment-469128,2d
Developer Community Manager,PlanetScale,  $60k - $95k*,"['Developer', 'Manager', 'SaaS', 'Technical', 'Support', 'Edu', 'C', 'MySQL', 'Content', 'Marketing', 'Analytics', 'Engineering', 'Educational']",United States,https://remoteok.com/remote-jobs/remote-developer-community-manager-planetscale-469118,2d
Principal Scrum Master,WelbeHealth,  $60k - $95k*,"['Scrum', 'Design', 'Training', 'Consulting', 'Technical', 'Software', 'Voice', 'DevOps', 'Finance', 'Management', 'Lead', 'Senior', 'Operational', 'Analytics', 'Healthcare', 'Engineering']",United States,https://remoteok.com/remote-jobs/remote-principal-scrum-master-welbehealth-469085,2d
Customer Success Support Representative,Yembo,  $60k - $95k*,"['Training', 'Support', 'Software', 'Growth', 'Travel', 'Management', 'Full-Time']",United States,https://remoteok.com/remote-jobs/remote-customer-success-support-representative-yembo-469079,2d
Project Specialist Idaho,Wonderschool,  $60k - $95k*,"['Training', 'Support', 'Travel', 'Marketing', 'Sales', 'Health', 'Non Tech']",United States,https://remoteok.com/remote-jobs/remote-project-specialist-idaho-wonderschool-469064,2d
Product Owner,Prodigy Education,  $60k - $95k*,"['Security', 'Teacher', 'Students', 'Gaming', 'Support', 'Testing', 'Growth', 'Code', 'Quality Assurance', 'Edu', 'Math', 'Leader', 'Strategy', 'Management', 'Engineering', 'Recruitment']",Canada,https://remoteok.com/remote-jobs/remote-product-owner-prodigy-education-469051,2d
Domestic Surveyor Portsmouth,Octopus Energy,  $60k - $95k*,"['Design', 'Training', 'Support']",Portsmouth,https://remoteok.com/remote-jobs/remote-domestic-surveyor-portsmouth-octopus-energy-469020,2d
Software Engineer Partnerships Support Korea,Aptos,  $60k - $95k*,"['Software', 'Design', 'Web3', 'Crypto', 'Cryptocurrencies', 'Technical', 'Support', 'Developer', 'Growth', 'Financial', 'Edu', 'Lead', 'Engineer', 'Full-Time']",Remote   Korea,https://remoteok.com/remote-jobs/remote-software-engineer-partnerships-support-korea-aptos-469758,2d
Research Internship,SupraOracles,  $60k - $95k*,"['Defi', 'Technical', 'Manager', 'Investment', 'Leader', 'Internship', 'Full-Time']",Worldwide,https://remoteok.com/remote-jobs/remote-research-internship-supraoracles-469756,2d
Senior Full Stack Engineer,Omni Network,  $60k - $98k*,"['Design', 'Crypto', 'System', 'Front End', 'Full-Stack', 'Software', 'Test', 'Code', 'Cloud', 'Typescript', 'Senior', 'Engineer', 'Engineering']",Worldwide,https://remoteok.com/remote-jobs/remote-senior-full-stack-engineer-omni-network-469755,2d
Director Of Marketing,Nansen,  $50k - $90k*,"['Director', 'Crypto', 'Cryptocurrency', 'Growth', 'Web', 'Fintech', 'Strategy', 'Management', 'Lead', 'Content', 'Marketing', 'Excel', 'Analytics', 'Sales']",EMEA APAC  Remote,https://remoteok.com/remote-jobs/remote-director-of-marketing-nansen-469757,2d
Software Development Manager,Fnality,  $55k - $90k*,"['Software', 'Manager', 'Design', 'Jira', 'System', 'Security', 'Technical', 'Support', 'Testing', 'Test', 'Code', 'Investor', 'Java', 'Management', 'Operational', 'Marketing', 'Golang', 'Engineering']",Worldwide,https://remoteok.com/remote-jobs/remote-software-development-manager-fnality-469759,2d
Principal Product Manager Messaging,XMTP,  $50k - $110k*,"['Manager', 'Front End', 'Technical', 'Recruiter', 'UX', 'Web', 'Mobile']",Worldwide,https://remoteok.com/remote-jobs/remote-principal-product-manager-messaging-xmtp-469761,2d
Head of Engineering Smoobu,HomeToGo,  $60k - $100k*,"['SaaS', 'Training', 'Technical', 'Support', 'Software', 'JavaScript', 'Cloud', 'PHP', 'Leader', 'Senior', 'Recruiting', 'Engineering']",Germany,https://remoteok.com/remote-jobs/remote-head-of-engineering-smoobu-hometogo-468832,2d
Manual QA Engineer,PayPay,  $50k - $110k*,"['Jira', 'Technical', 'Support', 'Testing', 'Test', 'Quality Assurance', 'Financial', 'Fintech', 'Mobile', 'Leader', 'Engineer']",Japan,https://remoteok.com/remote-jobs/remote-manual-qa-engineer-paypay-468831,2d
Senior Web Designer,Remote,  $60k - $88k*,"['Web', 'Designer', 'Technical', 'Support', 'Growth', 'Video', 'Post-Production', 'Content', 'Senior', 'Marketing', 'Full-Time']",Portugal     Spain,https://remoteok.com/remote-jobs/remote-senior-web-designer-remote-468790,2d
Domestic Surveyor Nottingham,Octopus Energy,  $35k - $75k*,"['Design', 'Training', 'Support']",United Kingdom,https://remoteok.com/remote-jobs/remote-domestic-surveyor-nottingham-octopus-energy-468778,2d
Software Engineer Cody Strategy,Sourcegraph,  $50k - $95k*,"['Software', 'Design', 'SaaS', 'Front End', 'Full-Stack', 'Technical', 'Programmer', 'Code', 'Manager', 'Assistant', 'Investment', 'Java', 'Cloud', 'Strategy', 'Legal', 'Go', 'Engineer', 'Engineering', 'Backend']",United States,https://remoteok.com/remote-jobs/remote-software-engineer-cody-strategy-sourcegraph-468647,2d
Director of Data Science Financial Crime,Monzo,  $28k - $55k*,"['Director', 'Embedded', 'Training', 'Recruiter', 'Support', 'Test', 'Manager', 'Financial', 'Video', 'Finance', 'Banking', 'Bank', 'Leader', 'Strategy', 'Lead', 'Senior', 'Operations', 'Analytics', 'Recruitment', 'Executive', 'Non Tech']",United Kingdom,https://remoteok.com/remote-jobs/remote-director-of-data-science-financial-crime-monzo-468526,2d
Senior Frontend Engineer,Coinshift,  $60k - $100k*,"['Front End', 'Design', 'Web3', 'Crypto', 'Ethereum', 'React', 'System', 'Front-End', 'Architect', 'Technical', 'Test', 'Code', 'Quality Assurance', 'Financial', 'Management', 'Lead', 'Senior', 'Excel', 'Health', 'Engineer', 'Backend']",,https://remoteok.com/remote-jobs/remote-senior-frontend-engineer-coinshift-468349,2d
Talent Partner,Careers at Tide,  $35k - $75k*,"['Design', 'Support', 'Voice', 'Financial', 'Fintech', 'Banking', 'Admin', 'Management', 'Health', 'Recruiting', 'Recruitment']",India,https://remoteok.com/remote-jobs/remote-talent-partner-careers-at-tide-468338,2d
Senior Backend Engineer 4,Careers at Tide,  $53k - $100k*,"['Design', 'iOS', 'Technical', 'Support', 'UX', 'Code', 'Web', 'Voice', 'DevOps', 'Financial', 'Fintech', 'Banking', 'Java', 'Cloud', 'Angular', 'Admin', 'Mobile', 'Senior', 'Android', 'Health', 'Engineer', 'Engineering', 'Backend']",Bengaluru  Remote,https://remoteok.com/remote-jobs/remote-senior-backend-engineer-4-careers-at-tide-468337,2d
Growth Management Executive Manager Paytm First Games,Paytm,  $50k - $110k*,"['Growth', 'Manager', 'Design', 'Game', 'Gaming', 'Full-Stack', 'Web', 'Financial', 'Mobile', 'Management', 'Content', 'Marketing', 'Analytics', 'Executive']",Noida  Uttar Pradesh,https://remoteok.com/remote-jobs/remote-growth-management-executive-manager-paytm-first-games-paytm-468311,2d
Research Scientist Statistical Genetics,Deep Genomics,  $30k - $60k*,"['Software', 'Lead', 'Excel', 'Biology']",Canada,https://remoteok.com/remote-jobs/remote-research-scientist-statistical-genetics-deep-genomics-468221,2d
Biostatistician,Celerion,  $60k - $100k,['Full-Time'],Montreal  QC,https://remoteok.com/remote-jobs/remote-biostatistician-celerion-468220,2d
Senior Data Scientist,Deep Genomics,  $48k - $85k*,"['Design', 'Software', 'Growth', 'Senior', 'Junior', 'Biology', 'Engineering']",Canada,https://remoteok.com/remote-jobs/remote-senior-data-scientist-deep-genomics-468219,2d
Senior Campus Recruiter,Snyk,  $40k - $70k*,"['Recruiter', 'Support', 'Manager', 'Edu', 'Lead', 'Senior', 'Recruiting', 'Recruitment', 'Branding', 'Internship', 'Non Tech']",United States,https://remoteok.com/remote-jobs/remote-senior-campus-recruiter-snyk-467638,3d
Sales Director Southeast Region,Velo3D,  $40k - $75k*,"['Director', 'Design', 'System', '3d', 'Technical', 'Support', 'Leader', 'Lead', 'Marketing', 'Sales', 'Healthcare', 'Engineering', 'Full-Time']",Remote   Eastern United States,https://remoteok.com/remote-jobs/remote-sales-director-southeast-region-velo3d-467587,3d
Legal Counsel for US Based Crypto Company,SFOX,     $60k - $95k*,"['Crypto', 'Support', 'Financial', 'Investor', 'Management', 'Lead', 'Senior', 'Operational', 'Legal', 'Executive', 'Non Tech']",LATAM   Remote,https://remoteok.com/remote-jobs/remote-legal-counsel-for-us-based-crypto-company-sfox-468297,3d
Growth Hacker,SFOX,     $70k - $115k*,"['Growth', 'Crypto', 'Technical', 'Financial', 'Investor', 'Lead', 'Marketing', 'Analytics']",Worldwide,https://remoteok.com/remote-jobs/remote-growth-hacker-sfox-468300,3d
Blockchain Full Stack developer build our Stackchain crypto platform,Neco Finance,     $50k - $80k*,"['Crypto', 'Developer', 'Cryptocurrency', 'System', 'Security', 'Software', 'Code', 'Web', 'Financial', 'Video', 'Finance', 'Banking', 'Cloud', 'API']",Worldwide,https://remoteok.com/remote-jobs/remote-blockchain-full-stack-developer-build-our-stackchain-crypto-platform-neco-finance-468298,3d
Software Engineer Detection Engineering,OpenAI,     $60k - $100k*,"['Software', 'Security', 'Python', 'Technical', 'Support', 'Cloud', 'Microsoft', 'Management', 'Operational', 'Engineer', 'Engineering']",United States,https://remoteok.com/remote-jobs/remote-software-engineer-detection-engineering-openai-467376,3d
HPC Principal Engineer,Chan Zuckerberg Biohub - San Francisco,     $50k - $85k*,"['Consulting', 'Technical', 'Recruiter', 'Support', 'Software', 'Growth', 'Director', 'Edu', 'Cloud', 'Management', 'Analytics', 'Biology', 'Engineer', 'Engineering', 'Linux']",United States,https://remoteok.com/remote-jobs/remote-hpc-principal-engineer-chan-zuckerberg-biohub-san-francisco-467375,3d
Principal Engineer Data Platform,Conductor LLC,     $50k - $90k*,"['Design', 'SaaS', 'Technical', 'Support', 'Software', 'Growth', 'Java', 'Cloud', 'SEO', 'Leader', 'Lead', 'Content', 'Operational', 'Marketing', 'Analytics', 'Engineer', 'Engineering']",United States,https://remoteok.com/remote-jobs/remote-principal-engineer-data-platform-conductor-llc-467374,3d
Technical Product Marketer,Supabase,     $40k - $70k*,"['Technical', 'Developer', 'Growth', 'Edu', 'Strategy', 'Marketer', 'Marketing', 'Sales', 'Engineering']",Probably worldwide,https://remoteok.com/remote-jobs/remote-technical-product-marketer-supabase-466892,3d
Technical Product Marketer,Supabase,     $40k - $70k*,"['Technical', 'Developer', 'Growth', 'Edu', 'Strategy', 'Marketer', 'Marketing', 'Sales', 'Engineering']",Probably worldwide,https://remoteok.com/remote-jobs/remote-technical-product-marketer-supabase-466891,3d
Associate Product Marketing Manager,Kong,     $50k - $80k*,"['Manager', 'Design', 'System', 'Technical', 'Software', 'Web', 'Voice', 'Cloud', 'API', 'Leader', 'Strategy', 'Management', 'Content', 'Marketer', 'Marketing', 'Sales', 'Go', 'Healthcare', 'E-Commerce']",United States,https://remoteok.com/remote-jobs/remote-associate-product-marketing-manager-kong-466360,3d
Staff Infrastructure Engineer,Underdog Fantasy,     $45k - $98k*,"['Technical', 'Cloud', 'Engineer', 'Linux', 'Backend']",United States,https://remoteok.com/remote-jobs/remote-staff-infrastructure-engineer-underdog-fantasy-466159,4d
Executive Assistant Contract Perm,Gametime United,     $50k - $110k*,"['Assistant', 'Ceo', 'Support', 'Web', 'Mobile', 'Management', 'Operations', 'Executive']",United States,https://remoteok.com/remote-jobs/remote-executive-assistant-contract-perm-gametime-united-466158,4d
Software Engineer DevOps,Motive,     $60k - $110k*,"['Software', 'Embedded', 'Python', 'Support', 'Developer', 'Code', 'DevOps', 'C', 'Ruby', 'Mobile', 'Strategy', 'Management', 'Senior', 'Android', 'Reliability', 'Engineer', 'Engineering']",United States,https://remoteok.com/remote-jobs/remote-software-engineer-devops-motive-466157,4d
Senior Information Security Specialist with German,Bitpanda,     $60k - $100k*,"['Security', 'Crypto', 'System', 'InfoSec', 'Financial', 'Investment', 'Management', 'Senior']",Worldwide,https://remoteok.com/remote-jobs/remote-senior-information-security-specialist-with-german-bitpanda-466845,4d
Chief Technology Officer build our Stackchain crypto platform,Neco Finance,     $35k - $75k*,"['Crypto', 'Design', 'System', 'Technical', 'Support', 'Software', 'Video', 'Finance', 'Banking', 'Cloud', 'Management', 'Lead']",Worldwide,https://remoteok.com/remote-jobs/remote-chief-technology-officer-build-our-stackchain-crypto-platform-neco-finance-466844,4d
Strategic Partnerships Manager DeFi,OP Labs,     $40k - $70k*,"['Defi', 'Manager', 'Ethereum', 'Technical', 'Support', 'Growth', 'Code', 'Finance', 'Strategy', 'Sales', 'Recruiting']",Worldwide,https://remoteok.com/remote-jobs/remote-strategic-partnerships-manager-defi-op-labs-466843,4d
Senior Back End Developer,Lava Network,     $60k - $105k*,"['Developer', 'Crypto', 'Back-End', 'Technical', 'Support', 'Code', 'Web', 'DevOps', 'Cloud', 'Typescript', 'API', 'Senior', 'Backend']",Worldwide,https://remoteok.com/remote-jobs/remote-senior-back-end-developer-lava-network-466837,4d
Project Manager Software Engineering and Business Development,Oasis Protocol,  $70k - $115k*,"['Software', 'Manager', 'Web3', 'Support', 'Growth', 'Director', 'Strategy', 'Management', 'Lead', 'Content', 'Operations', 'Marketing', 'Engineering', 'Recruitment', 'Full-Time']",Worldwide,https://remoteok.com/remote-jobs/remote-project-manager-software-engineering-and-business-development-oasis-protocol-466839,4d
Technical Writer,Crowdbotics,  $45k - $90k*,"['Design', 'Embedded', 'System', 'Technical', 'Writer', 'Support', 'Developer', 'Software', 'Code', 'Web', 'Travel', 'Cloud', 'HTML', 'Mobile', 'Management', 'Content', 'Heroku', 'Backend']",United States,https://remoteok.com/remote-jobs/remote-technical-writer-crowdbotics-465976,4d
Medical Science Liaison,Olema Oncology,  $33k - $60k*,"['Support', 'Director', 'Edu', 'Management', 'Healthcare', 'Non Tech']",United States,https://remoteok.com/remote-jobs/remote-medical-science-liaison-olema-oncology-465975,4d
Staff Software Engineer Product,"Gusto, Inc.",  $45k - $93k*,"['Software', 'Design', 'Front End', 'Technical', 'Testing', 'Financial', 'Rails', 'Management', 'Lead', 'Engineer', 'Backend']",United States,https://remoteok.com/remote-jobs/remote-staff-software-engineer-product-gusto-inc-465891,4d
Vice President Product Marketing,"Appfire Technologies, LLC.",  $55k - $98k*,"['SaaS', 'Software', 'Growth', 'Web', 'Analyst', 'Travel', 'Leader', 'Strategy', 'Management', 'Lead', 'Content', 'Senior', 'Marketing', 'Sales', 'Health']",United States,https://remoteok.com/remote-jobs/remote-vice-president-product-marketing-appfire-technologies-llc-465889,4d
Customer Success Representative English Speaking,Taskrabbit,  $60k - $100k,"['Training', 'Support', 'Leader', 'Operations', 'Operational', 'Full-Time']",Poland,https://remoteok.com/remote-jobs/remote-customer-success-representative-english-speaking-taskrabbit-465888,4d
Lead Product Manager Payments & Risk,Taskrabbit,  $60k - $95k*,"['Manager', 'System', 'Growth', 'Strategy', 'Management', 'Lead', 'Senior', 'Operations', 'Operational', 'Legal']",United States,https://remoteok.com/remote-jobs/remote-lead-product-manager-payments-risk-taskrabbit-465887,4d
SysOps ERP System Administrator,brightwheel,  $40k - $75k*,"['System', 'Design', 'Students', 'Training', 'Technical', 'Software', 'Growth', 'Accounting', 'Edu', 'Investor', 'Administrator', 'Admin', 'Management', 'Operations', 'Backend']",United States,https://remoteok.com/remote-jobs/remote-sysops-erp-system-administrator-brightwheel-465886,4d
Resource Planning Analyst Workforce Management,Monzo,  $25k - $50k*,"['Analyst', 'Training', 'Recruiter', 'Support', 'Test', 'Financial', 'Banking', 'Bank', 'Management', 'Operations', 'Operational', 'Recruitment', 'Non Tech']",United Kingdom,https://remoteok.com/remote-jobs/remote-resource-planning-analyst-workforce-management-monzo-465885,4d
Business Analyst,Togetherwork Internal,  $55k - $83k*,"['Analyst', 'Design', 'Salesforce', 'Training', 'Consulting', 'Architect', 'Technical', 'Support', 'Developer', 'Software', 'Testing', 'Test', 'Travel', 'Admin', 'Microsoft', 'Management', 'Senior', 'Go']",Probably worldwide,https://remoteok.com/remote-jobs/remote-business-analyst-togetherwork-internal-465884,4d
Senior Backend Engineer Platform,Level AI,  $50k - $95k*,"['Design', 'Django', 'Code', 'Voice', 'Speech', 'API', 'Senior', 'Sales', 'Engineer', 'Engineering', 'Backend']",India,https://remoteok.com/remote-jobs/remote-senior-backend-engineer-platform-level-ai-465882,4d
Senior Software Engineer Platform Team,Second Front Systems,  $60k - $95k*,"['Software', 'Security', 'Technical', 'UX', 'Code', 'Cloud', 'Senior', 'Go', 'Health', 'Engineer', 'Engineering', 'Executive', 'Full-Time']",,https://remoteok.com/remote-jobs/remote-senior-software-engineer-platform-team-second-front-systems-465881,4d
Account Manager,Pardon Ventures,  $38k - $73k*,"['Manager', 'Design', 'Test', 'Growth', 'Web', 'Management', 'Sales']",,https://remoteok.com/remote-jobs/remote-account-manager-pardon-ventures-465880,4d
Customer Success Representative Italian Speaking,Taskrabbit,  $60k - $100k,"['Training', 'Support', 'Leader', 'Operations', 'Operational', 'Full-Time']",Poland,https://remoteok.com/remote-jobs/remote-customer-success-representative-italian-speaking-taskrabbit-465879,4d
Frontend Engineer Mapping,Regrow Ag Inc.,  $50k - $110k*,"['Front End', 'Design', 'SaaS', 'Support', 'Developer', 'Software', 'Growth', 'Web', 'API', 'Lead', 'Go', 'Engineer', 'Engineering', 'Backend']",United States,https://remoteok.com/remote-jobs/remote-frontend-engineer-mapping-regrow-ag-inc-465878,4d
Provider Engagement Regional Manager,Belong Health,  $53k - $90k*,"['Manager', 'Travel', 'Management', 'Marketing', 'Medical', 'Health', 'Healthcare', 'Educational', 'Non Tech']",United States,https://remoteok.com/remote-jobs/remote-provider-engagement-regional-manager-belong-health-465877,4d
GTM Field Operations Analyst,Agiloft,  $50k - $70k*,"['Analyst', 'SaaS', 'Salesforce', 'HR', 'System', 'Consulting', 'Growth', 'Investment', 'Leader', 'Management', 'Operations', 'Operational', 'Excel', 'Sales', 'Recruiting']",United States,https://remoteok.com/remote-jobs/remote-gtm-field-operations-analyst-agiloft-465876,4d
Staff Software Engineer Events & Tracking,"ezCater, Inc",  $45k - $103k*,"['Software', 'Design', 'GraphQL', 'Front End', 'Technical', 'Growth', 'Scrum', 'Leader', 'Strategy', 'Lead', 'Legal', 'Engineer', 'Engineering', 'Backend', 'E-Commerce']",Probably worldwide,https://remoteok.com/remote-jobs/remote-staff-software-engineer-events-tracking-ezcater-inc-465875,4d
Software Engineer,Phaidra,  $60k - $110k*,"['Software', 'C#', 'System', 'Python', 'Docker', 'Developer', 'Code', 'DevOps', 'Cloud', 'Management', 'Lead', 'Senior', 'Engineer', 'Engineering']",United States,https://remoteok.com/remote-jobs/remote-software-engineer-phaidra-465872,4d
German Speaking Customer Success Manager EMEA,Weights & Biases,  $60k - $100k*,"['Manager', 'Cofounder', 'Support', 'Developer', 'C', 'Robotics', 'Management', 'Marketing', 'Sales', 'Health']",United Kingdom,https://remoteok.com/remote-jobs/remote-german-speaking-customer-success-manager-emea-weights-biases-465871,4d
Senior IT Project Manager USA,Optiv,  $50k - $95k*,"['Manager', 'SaaS', 'Security', 'Training', 'Technical', 'Support', 'Scrum', 'Edu', 'Management', 'Senior', 'Operations', 'Recruitment']",Chicago  IL,https://remoteok.com/remote-jobs/remote-senior-it-project-manager-usa-optiv-465870,4d
Senior Sales Development Representative Hybrid Austin TX office,Udacity,  $50k - $83k*,"['Growth', 'Video', 'Senior', 'Marketing', 'Sales', 'Executive']",United States,https://remoteok.com/remote-jobs/remote-senior-sales-development-representative-hybrid-austin-tx-office-udacity-465869,4d
Head of Practice Data & Analytics,Valiantys,  $60k - $100k*,"['Technical', 'Support', 'Software', 'Growth', 'Financial', 'Leader', 'Strategy', 'Management', 'Lead', 'Marketing', 'Analytics', 'Sales']",United States,https://remoteok.com/remote-jobs/remote-head-of-practice-data-analytics-valiantys-465868,4d
District Sales Manager Staten Island,Intermex Wire Transfer,  $50k - $90k*,"['Manager', 'Growth', 'Code', 'Microsoft', 'Mobile', 'Leader', 'Sales']",United States,https://remoteok.com/remote-jobs/remote-district-sales-manager-staten-island-intermex-wire-transfer-465867,4d
VP National Partnerships,Age of Learning,  $40k - $70k*,"['Salesforce', 'Students', 'Game', 'Support', 'Edu', 'Math', 'Microsoft', 'Leader', 'Strategy', 'Lead', 'Content', 'Marketing', 'Sales', 'Health', 'Educational', 'Executive', 'Non Tech']",,https://remoteok.com/remote-jobs/remote-vp-national-partnerships-age-of-learning-465865,4d
Senior Designer,Match Group,  $55k - $88k*,"['Design', 'Training', 'Designer', 'Support', 'Software', 'Financial', 'Video', 'Animation', 'Mobile', 'Lead', 'Senior', 'Marketing', 'Health']",United States,https://remoteok.com/remote-jobs/remote-senior-designer-match-group-465864,4d
Payroll Client Services Specialist NORAM,Remote,  $25k - $50k*,"['Payroll', 'Support', 'Manager', 'Accounting', 'Video', 'Finance', 'Full-Time', 'Non Tech']",United States,https://remoteok.com/remote-jobs/remote-payroll-client-services-specialist-noram-remote-465861,4d
Elite Coders AI Training,Remotasks,  $45k - $80k*,"['Training', 'Software', 'Test', 'Code', 'JavaScript', 'Excel', 'Engineering']",United States,https://remoteok.com/remote-jobs/remote-elite-coders-ai-training-remotasks-465860,4d
Staff Researcher,Ad Hoc Company Website,  $60k - $110k*,"['Design', 'Training', 'Support', 'UX', 'Web', 'API', 'Strategy', 'Lead', 'Analytics', 'Health', 'Healthcare', 'Engineer']",United States,https://remoteok.com/remote-jobs/remote-staff-researcher-ad-hoc-company-website-465859,4d
Program Manager Federal,Skydio,  $40k - $70k*,"['Manager', 'Technical', 'Support', 'Software', 'Travel', 'Management', 'Lead', 'Operations', 'Sales', 'Full-Time']",United States,https://remoteok.com/remote-jobs/remote-program-manager-federal-skydio-465858,4d
Engineering Team Leader,Remote,  $60k - $110k*,"['React', 'Front End', 'Support', 'Software', 'Code', 'Manager', 'JavaScript', 'Leader', 'Management', 'Engineering', 'Backend']",Philippines,https://remoteok.com/remote-jobs/remote-engineering-team-leader-remote-465857,4d
Customer Service Representative,Golden Customer Care,  $60k - $100k,['Training'],United States,https://remoteok.com/remote-jobs/remote-customer-service-representative-golden-customer-care-465856,4d
Senior iOS Engineer,Monzo,  $50k - $103k*,"['iOS', 'Design', 'Swift', 'Training', 'Technical', 'Support', 'Testing', 'Test', 'UI', 'UX', 'Code', 'Manager', 'Quality Assurance', 'Financial', 'Video', 'Banking', 'Bank', 'API', 'Mobile', 'Senior', 'Android', 'Go', 'Engineer', 'Engineering', 'Recruitment', 'Backend']",United Kingdom,https://remoteok.com/remote-jobs/remote-senior-ios-engineer-monzo-465829,4d
Experienced Software Engineer Developer Efficiency,Plaid,  $55k - $85k*,"['Developer', 'Software', 'Design', 'Security', 'Technical', 'Support', 'Testing', 'Code', 'Financial', 'Leader', 'Strategy', 'Senior', 'Operational', 'Recruiting', 'Engineer', 'Engineering']",United States,https://remoteok.com/remote-jobs/remote-experienced-software-engineer-developer-efficiency-plaid-465828,4d
Senior Engineering Manager Care Delivery,Maven Clinic,  $50k - $95k*,"['Manager', 'Security', 'Software', 'Growth', 'Cloud', 'Management', 'Lead', 'Senior', 'Operations', 'Operational', 'Health', 'Engineering', 'Backend']",United States,https://remoteok.com/remote-jobs/remote-senior-engineering-manager-care-delivery-maven-clinic-465827,4d
Director of Engineering,Sysdig,  $50k - $90k*,"['Director', 'SaaS', 'Security', 'Ceo', 'Technical', 'Support', 'Software', 'Growth', 'Code', 'Manager', 'Cloud', 'Leader', 'Management', 'Health', 'Engineering', 'Full-Time']",United States,https://remoteok.com/remote-jobs/remote-director-of-engineering-sysdig-465826,4d
Principal Software Engineer,Pangea,  $55k - $90k*,"['Software', 'Design', 'Security', 'Code', 'Quality Assurance', 'Java', 'Lead', 'Operational', 'Reliability', 'Engineer']",United States,https://remoteok.com/remote-jobs/remote-principal-software-engineer-pangea-465825,4d
Senior Product Designer,Coinshift,  $60k - $88k*,"['Design', 'Web3', 'Defi', 'Crypto', 'Designer', 'Testing', 'UX', 'Web', 'Financial', 'Management', 'Lead', 'Senior', 'Engineering']",,https://remoteok.com/remote-jobs/remote-senior-product-designer-coinshift-465824,4d
Web3 Community Manager India,Ava Labs,  $70k - $115k*,"['Web3', 'Manager', 'Support', 'Growth', 'Strategy', 'Marketing']",India,https://remoteok.com/remote-jobs/remote-web3-community-manager-india-ava-labs-465823,4d
Social Media Manager,Web3Auth,  $60k - $100k*,"['Manager', 'Web3', 'Software', 'Code', 'Voice', 'SEO', 'Strategy', 'Management', 'Content', 'Marketing', 'Analytics']",Remote   HQ,https://remoteok.com/remote-jobs/remote-social-media-manager-web3auth-465908,5d
UX Writing Internship,impactMarket,  $50k - $110k*,"['UX', 'Design', 'Copywriter', 'Web', 'Voice', 'Financial', 'Mobile', 'Marketing', 'Educational', 'Internship']",Worldwide,https://remoteok.com/remote-jobs/remote-ux-writing-internship-impactmarket-465902,5d
Founder & CTO for connectivity network DePIN,Peaq Network,  $60k - $110k*,"['Founder', 'Cto', 'Swift', 'Security', 'Technical', 'Software', 'Growth', 'Web', 'Mobile', 'Leader', 'Strategy', 'Management', 'Senior', 'Reliability', 'Engineering', 'Executive']",Worldwide,https://remoteok.com/remote-jobs/remote-founder-cto-for-connectivity-network-depin-peaq-network-465920,5d
General Applications,Cake DeFi,  $60k - $100k*,"['Crypto', 'Defi', 'Blockchain', 'Web3', 'Finance', 'Fintech', 'Non Tech']",Singapore,https://remoteok.com/remote-jobs/remote-general-applications-cake-defi-465909,5d
DeFi Business Development Manager,Ondo Finance,  $30k - $60k*,"['Defi', 'Manager', 'Support', 'Growth', 'Investment', 'Finance', 'Management']",Remote  APAC,https://remoteok.com/remote-jobs/remote-defi-business-development-manager-ondo-finance-465924,5d
Institutional Sales,Rubicon,  $40k - $70k*,"['Crypto', 'Growth', 'Financial', 'Finance', 'Management', 'Sales']",Worldwide,https://remoteok.com/remote-jobs/remote-institutional-sales-rubicon-465925,5d
Python Developer,Ampcontrol,  $50k - $120k,"['Developer', 'Python', 'Postgres', 'Docker', 'Redis', 'Kubernetes', 'Rabbitmq', 'Google Cloud']",Europe    Latin America    North America,https://remoteok.com/remote-jobs/remote-python-developer-ampcontrol-464140,5d
Site Reliability Engineer,Sticker Mule,  $130k - $130k,"['Developer', 'Docker', 'Postgres', 'Golang', 'Redis']",Worldwide,https://remoteok.com/remote-jobs/remote-site-reliability-engineer-sticker-mule-294434,5d
Senior Frontend Engineer,Consensys,  $60k - $100k,"['Front End', 'Design', 'iOS', 'Web3', 'Crypto', 'Cryptocurrency', 'Ethereum', 'React', 'Support', 'Code', 'Quality Assurance', 'JavaScript', 'Financial', 'Video', 'Fintech', 'Mobile', 'Lead', 'Senior', 'Engineer', 'Recruitment']",EMEA   Remote,https://remoteok.com/remote-jobs/remote-senior-frontend-engineer-consensys-465919,6d
Software Engineer,Consensys,  $60k - $100k,"['Software', 'Web3', 'Crypto', 'NFT', 'Cryptocurrency', 'Ethereum', 'React', 'Developer', 'UI', 'UX', 'Code', 'JavaScript', 'Financial', 'Video', 'CSS', 'Typescript', 'Node. JS', 'Mobile', 'Management', 'Engineer', 'Recruitment']",EMEA   Remote,https://remoteok.com/remote-jobs/remote-software-engineer-consensys-465922,6d
Founder & CTO for air quality data DePIN,Peaq Network,  $60k - $100k,"['Founder', 'Cto', 'Web3', 'Defi', 'Security', 'Technical', 'Developer', 'Software', 'Growth', 'Web', 'Cloud', 'Leader', 'Strategy', 'Lead', 'Senior', 'Reliability']",Worldwide,https://remoteok.com/remote-jobs/remote-founder-cto-for-air-quality-data-depin-peaq-network-465906,6d
Lead Technical Program Manager,Optimism,  $60k - $100k,"['Manager', 'Web3', 'System', 'Technical', 'Software', 'Leader', 'Management', 'Lead', 'Engineering']",Worldwide,https://remoteok.com/remote-jobs/remote-lead-technical-program-manager-optimism-465905,6d
Web3 Business Development,prePO,  $60k - $100k,"['Web3', 'Defi', 'Game', 'Financial', 'Lead', 'Senior', 'Excel', 'Go', 'Full-Time']",Singapore,https://remoteok.com/remote-jobs/remote-web3-business-development-prepo-465904,6d
Growth Marketing Manager,Figment,  $60k - $100k,"['Growth', 'Manager', 'Web3', 'Crypto', 'Support', 'Testing', 'Financial', 'Fintech', 'Ads', 'API', 'Strategy', 'Management', 'Content', 'Marketing', 'Analytics', 'Sales', 'Health']",Worldwide,https://remoteok.com/remote-jobs/remote-growth-marketing-manager-figment-465928,6d
Solutions Architect,Forte Labs,  $60k - $100k,"['Architect', 'Web3', 'System', 'Game', 'Gaming', 'Technical', 'Developer', 'Financial', 'Sales', 'Engineer', 'Engineering', 'Educational']",Worldwide,https://remoteok.com/remote-jobs/remote-solutions-architect-forte-labs-465913,7d
Cryptographer Zero Knowledge Research & Implementation,NEAR,  $60k - $100k,"['Crypto', 'Ethereum', 'Recruiter', 'Support', 'Software', 'Web', 'Manager', 'Edu', 'Lead', 'Health', 'Engineer']",Canada           United Kingdom           Ireland,https://remoteok.com/remote-jobs/remote-cryptographer-zero-knowledge-research-implementation-near-465923,7d
Partner Engagement Lead,IOV Labs,  $60k - $100k,"['Crypto', 'Bitcoin', 'System', 'Consulting', 'Technical', 'Growth', 'Financial', 'Investment', 'Finance', 'Fintech', 'Strategy', 'Lead', 'Engineering']",Europe   Remote,https://remoteok.com/remote-jobs/remote-partner-engagement-lead-iov-labs-465907,7d
Senior Software Engineer Trading,C3 Protocol,  $60k - $100k,"['Software', 'Design', 'System', 'Testing', 'Lead', 'Senior', 'Engineer']",Worldwide,https://remoteok.com/remote-jobs/remote-senior-software-engineer-trading-c3-protocol-465903,7d
Marketing Intern Make up $3000 per month with us,Acria,  $60k - $100k,"['Marketing', 'Sales', 'Non Tech']",Worldwide,https://remoteok.com/remote-jobs/remote-marketing-intern-make-up-3000-per-month-with-us-acria-465901,7d
Research Analyst,RabbitHole,  $60k - $100k,"['Analyst', 'Crypto', 'Growth', 'Investment', 'Content']",Worldwide,https://remoteok.com/remote-jobs/remote-research-analyst-rabbithole-465915,7d
Senior Product Manager,Matter Labs,  $60k - $100k,"['Manager', 'Web3', 'Ethereum', 'Security', 'Developer', 'Software', 'Travel', 'Strategy', 'Management', 'Senior', 'Engineering']",Remote   EMEA,https://remoteok.com/remote-jobs/remote-senior-product-manager-matter-labs-465910,7d
Senior Backend Developer,Socket,  $60k - $100k,"['Developer', 'Design', 'System', 'Technical', 'Testing', 'Code', 'Senior', 'Reliability', 'Backend']",United Kingdom,https://remoteok.com/remote-jobs/remote-senior-backend-developer-socket-465912,7d
Senior Backend Solidity Developer,Socket,  $60k - $100k,"['Solidity', 'Developer', 'Design', 'System', 'Technical', 'Testing', 'Code', 'Senior', 'Reliability', 'Backend']",United Kingdom,https://remoteok.com/remote-jobs/remote-senior-backend-solidity-developer-socket-465921,7d
Senior Full Stack Software Engineer,Prism labs,  $60k - $100k,"['Developer', 'Engineer', 'JavaScript', 'Full Stack']",Austria,https://remoteok.com/remote-jobs/remote-senior-full-stack-software-engineer-prism-labs-461497,7d
Mitarbeiter in Lager Versand und Logistik,Mitte,  $60k - $100k,"['Design', 'System', 'Engineering']",Germany,https://remoteok.com/remote-jobs/remote-mitarbeiter-in-lager-versand-und-logistik-mitte-461374,7d
Accountant manager,Mitte,  $60k - $100k,"['Manager', 'Accountant', 'Design', 'System', 'Training', 'Technical', 'Support', 'Code', 'Accounting', 'Bookkeeping', 'Financial', 'Finance', 'Engineering', 'E-Commerce']",Germany,https://remoteok.com/remote-jobs/remote-accountant-manager-mitte-461373,7d
Program Manager Sciences,Equilibrium Energy,     $60k - $95k*,"['Manager', 'Technical', 'Scrum', 'Financial', 'Management', 'Senior']",United States,https://remoteok.com/remote-jobs/remote-program-manager-sciences-equilibrium-energy-461372,7d
French Contributing Writer,"Crunchyroll, LLC",     $60k - $100k,"['Writer', 'Code', 'Content']",France,https://remoteok.com/remote-jobs/remote-french-contributing-writer-crunchyroll-llc-461275,7d
Senior Product Manager Contracts & Documents,Remote,     $48k - $85k*,"['Manager', 'Design', 'HR', 'Support', 'Software', 'Director', 'Strategy', 'Management', 'Senior', 'Analytics', 'Full-Time']",United Arab Emirates,https://remoteok.com/remote-jobs/remote-senior-product-manager-contracts-documents-remote-461274,7d
Product Manager,Model N,     $50k - $75k*,"['Manager', 'HR', 'Python', 'Technical', 'Software', 'Testing', 'Growth', 'Quality Assurance', 'Edu', 'Cloud', 'Management', 'Operations', 'Marketing', 'Analytics', 'Sales', 'Health', 'Engineering']",United States,https://remoteok.com/remote-jobs/remote-product-manager-model-n-461273,7d
Principal Product Manager,GoFundMe,     $50k - $83k*,"['Manager', 'Embedded', 'Training', 'Technical', 'Recruiter', 'Support', 'Software', 'Growth', 'UX', 'Edu', 'Strategy', 'Management', 'Lead', 'Senior', 'Health', 'Healthcare', 'Full-Time']",United States,https://remoteok.com/remote-jobs/remote-principal-product-manager-gofundme-461271,7d
Senior Software Engineer Cross Platform Team,PhotoRoom,     $60k - $100k*,"['Software', 'Embedded', 'Game', 'Technical', 'Support', 'Web', 'Manager', 'Mobile', 'Leader', 'Senior', 'Marketing', 'Android', 'Go', 'Engineer', 'Engineering']",Paris   Remote,https://remoteok.com/remote-jobs/remote-senior-software-engineer-cross-platform-team-photoroom-461217,7d
Principal Business Systems Analyst Architect HR,Zscaler,     $43k - $88k*,"['HR', 'Architect', 'Analyst', 'Design', 'SaaS', 'System', 'Technical', 'Support', 'Software', 'Test', 'Payroll', 'Quality Assurance', 'Management', 'Lead', 'Content']",United States,https://remoteok.com/remote-jobs/remote-principal-business-systems-analyst-architect-hr-zscaler-461216,7d
Business Development Manager Fluence Digital,Fluence,     $45k - $85k*,"['Manager', 'SaaS', 'Technical', 'Support', 'Software', 'Growth', 'Director', 'Leader', 'Strategy', 'Management', 'Sales']",India,https://remoteok.com/remote-jobs/remote-business-development-manager-fluence-digital-fluence-461165,7d
Senior BlockOps Engineer Sygma,ChainSafe Systems,     $60k - $98k*,"['Web3', 'Training', 'Technical', 'Software', 'Testing', 'Test', 'Growth', 'Code', 'Web', 'Cloud', 'Node', 'Senior', 'Operations', 'Engineer', 'Engineering']",Germany,https://remoteok.com/remote-jobs/remote-senior-blockops-engineer-sygma-chainsafe-systems-461154,7d
Manager Business Technology Engineering,Chainalysis,     $50k - $100k*,"['Manager', 'SaaS', 'Security', 'Strategist', 'Growth', 'DevOps', 'Banking', 'Leader', 'Strategy', 'Excel', 'Engineering']",Costa Rica,https://remoteok.com/remote-jobs/remote-manager-business-technology-engineering-chainalysis-461153,7d
